"rank","band_index","wavelength_nm"
"1","69","480.0"
"2","64","475.0"
"3","58","469.0"
"4","75","486.0"
"5","87","498.0"
"6","101","512.0"
"7","53","464.0"
"8","92","503.0"
"9","82","493.0"
"10","112","523.0"
"11","106","517.0"
"12","46","457.0"
"13","117","528.0"
"14","122","533.0"
"15","41","452.0"
"16","127","538.0"
"17","32","443.0"
"18","15","426.0"
"19","24","435.0"
"20","10","421.0"
"21","132","543.0"
"22","5","416.0"
"23","203","614.0"
"24","208","619.0"
"25","137","548.0"
"26","0","411.0"
"27","235","646.0"
"28","227","638.0"
"29","280","691.0"
"30","178","589.0"
"31","198","609.0"
"32","142","553.0"
"33","147","558.0"
"34","152","563.0"
"35","222","633.0"
"36","349","760.0"
"37","249","660.0"
"38","240","651.0"
"39","311","722.0"
"40","213","624.0"
